administr facult administr recherch colleg univers administr programm étud administr écol professionnel administr administr facult administr administr recherch colleg univers administr administr programm étud administr administr écol professionnel administr facult administr recherch colleg univers administr programm étud administr écol professionnel coordon enseign pratiqu coordon programm enseign postsecondair coordon pédagog coordon pédagog coordon pédagog coordon coordon enseign pratiqu coordon coordon programm enseign postsecondair coordon enseign pratiqu coordon programm enseign postsecondair coordon pédagog directeur adjoint centr écol hôteller directeur adjoint directric adjoint centr écol hôteller directeur colleg enseign postsecondair directeur colleg secrétariat directeur recherch colleg univers directeur écol commercial directeur écol aviat directeur écol langu directeur écol méti directeur écol pilotag directeur écol technolog directeur écol technolog informat directeur écol tourism hôteller directeur écol scienc infirmi directeur écol professionnel directeur écol professionnel priv directeur écol techniqu directeur affair étudi directeur étud collégial directeur institut format directeur servic admiss enseign postsecondair directeur général écol mod directeur général directric général écol mod directeur directric colleg enseign postsecondair directeur directric colleg secrétariat directeur directric recherch colleg univers directeur directric écol commercial directeur directric écol aviat directeur directric écol langu directeur directric écol méti directeur directric écol pilotag directeur directric écol technolog directeur directric écol technolog informat directeur directric écol tourism hôteller directeur directric écol scienc infirmi directeur directric écol professionnel directeur directric écol professionnel priv directeur directric écol techniqu directeur directric affair étudi directeur directric étud collégial directeur directric institut format directeur directric servic admiss enseign postsecondair directric adjoint centr écol hôteller directric colleg enseign postsecondair directric colleg secrétariat directric recherch colleg univers directric écol commercial directric écol aviat directric écol langu directric écol méti directric écol pilotag directric écol technolog directric écol technolog informat directric écol tourism hôteller directric écol scienc infirmi directric écol professionnel directric écol professionnel priv directric écol techniqu directric affair étudi directric étud collégial directric institut format directric servic admiss enseign postsecondair directric général écol mod doyen colleg univers doyen colleg communautair doyen facult art doyen facult scienc doyen éduc permanent doyen écol technolog doyen écol scienc infirmi doyen activ étudi doyen étud supérieur doyen étud techniqu technolog doyen scienc doyen doyen colleg univers doyen doyen colleg communautair doyen doyen facult art doyen doyen facult scienc doyen doyen éduc permanent doyen doyen écol technolog doyen doyen écol scienc infirmi doyen doyen activ étudi doyen doyen étud supérieur doyen doyen étud techniqu technolog doyen doyen scienc doyen colleg univers doyen colleg communautair doyen facult art doyen facult scienc doyen éduc permanent doyen écol technolog doyen écol scienc infirmi doyen activ étudi doyen étud supérieur doyen étud techniqu technolog doyen scienc registrair colleg univers registrair associ registrair associ registrair associ registrair associ registrair colleg registrair colleg communautair registrair univers vic doyen colleg univers vic doyen vic doyen colleg univers vic doyen colleg univers vic président colleg univers vic président vic président colleg univers vic président colleg univers vic recteur enseign recherch univers vic recteur vic rectric enseign recherch univers vic rectric enseign recherch univers