biostratigraph coordon chanti forag géolog coordon coordon chanti forag géolog coordon chanti forag géolog écogéologu expert micropaléontolog expert expert micropaléontolog expert micropaléontolog géochim géologu géologu min géologu charbon géologu environ géologu pétrograph géologu pétrolog géologu stratigraph géologu télédétect géologu environnemental géologu marin géologu mini géologu mini géologu mini géologu mini géologu pétroli géologu pétroli géologu pétroli géologu pétroli géologu prospecteur géologu prospecteur géologu prospectric géologu prospectric géologu spécial mis valeur géologu spécial napp phréatiqu géologu spécial placer géologu spécial sédimentolog géologu structural géologu conseil géomorphologu géophysicien géophysicien marin géophysicien marin géophysicien marin géophysicien prospecteur géophysicien prospecteur géophysicien prospectric géophysicien géophysicien géophysicien conseil géophysicien conseil géophysicien conseil géophysicien géophysicien marin géophysicien prospectric géophysicien conseil glaciologu hydrogéologu hydrolog hydrologu ingénieur hydrograph géolog ingénieur hydrograph ingénieur hydrograph géolog ingénieur hydrograph géolog micropaléontologu minéralog océanograph océanograph biolog océanograph pêcher océanograph chim océanograph géologu océanograph physicien océanograph physicien océanograph physicien océanograph physicien paléobotan paléoécolog paléoécologu paléontologu palynologu pétrograph pétrologu pétrophysicien pétrophysicien pétrophysicien pétrophysicien photogéologu quaternar sédimentologu sismologu spécial glac céanograph spécial quaternair spécial géolog houiller spécial géolog marin spécial géolog structural spécial micropaléontolog spécial céanograph physiqu stratigraph volcanologu