aérodynamicien aérodynamicien aérodynamicien aérodynamicien aérophysicien aérophysicien aérophysicien aérophysicien astronom astrophysicien astrophysicien astrophysicien astrophysicien biophysicien biophysicien radiat biophysicien rayon biophysicien gen médical biophysicien médical biophysicien médical biophysicien médical biophysicien moléculair biophysicien moléculair biophysicien moléculair biophysicien biophysicien biophysicien biophysicien radiat biophysicien biophysicien rayon biophysicien biophysicien gen médical biophysicien mathématicien biophysicien mathématicien biophysicien mathématicien biophysicien biophysicien radiat biophysicien rayon biophysicien gen médical biophysicien médical biophysicien moléculair biophysicien mathématicien chercheur aérospatial chercheur commun chercheur électron chercheur physiqu chercheur télédétect chercheur chercheux aérospatial chercheur chercheux commun chercheur chercheux électron chercheur chercheux physiqu chercheur chercheux télédétect chercheux aérospatial chercheux commun chercheux électron chercheux physiqu chercheux télédétect cosmolog cosmologu métrolog métrologu physicien physicien chaleur physicien las physicien atmospher physicien espac physicien état solid physicien réacteur physicien réacteur nucléair physicien accéler particul physicien bass températur physicien fluid physicien haut températur physicien métal physicien micro onde physicien particul physicien particul élémentair physicien plasm physicien rayon cosmiqu physicien rayon physicien sem conducteur physicien solid physicien acoust physicien chim physiqu physicien cristallograph physicien cryogen physicien électr magnet physicien électron physicien magnet physicien mécan physicien ptiqu physicien radioprotect physicien scienc thermiqu physicien médical physicien médical physicien médical physicien nucléair physicien nucléair théoricien physicien nucléair théoricien physicien nucléair théoricien physicien nucléair physicien nucléair physicien spécial photon physicien spécial atmospher physicien spécial espac physicien spécial nanotechnolog physicien spécial physicien spécial atmospher physicien spécial physicien spécial espac physicien physicien physicien physicien chaleur physicien physicien las physicien physicien atmospher physicien physicien espac physicien physicien état solid physicien physicien réacteur physicien physicien réacteur nucléair physicien physicien accéler particul physicien physicien bass températur physicien physicien fluid physicien physicien haut températur physicien physicien métal physicien physicien micro onde physicien physicien particul physicien physicien particul élémentair physicien physicien plasm physicien physicien rayon cosmiqu physicien physicien rayon physicien physicien sem conducteur physicien physicien solid physicien physicien acoust physicien physicien chim physiqu physicien physicien cristallograph physicien physicien cryogen physicien physicien électr magnet physicien physicien électron physicien physicien magnet physicien physicien mécan physicien physicien ptiqu physicien physicien radioprotect physicien physicien scienc thermiqu physicien physicien spécial photon physicien physicien spécial nanotechnolog physicien acousticien physicien acousticien physicien acousticien physicien atmospher physicien atmospher physicien atmospher physicien cristallograph physicien cristallograph physicien cristallograph physicien électronicien physicien électronicien physicien électronicien physicien expériment physicien expériment physicien expériment physicien mécanicien physicien mécanicien physicien mécanicien physicien physicien chaleur physicien las physicien atmospher physicien espac physicien état solid physicien réacteur physicien réacteur nucléair physicien accéler particul physicien bass températur physicien fluid physicien haut températur physicien métal physicien micro onde physicien particul physicien particul élémentair physicien plasm physicien rayon cosmiqu physicien rayon physicien sem conducteur physicien solid physicien acoust physicien chim physiqu physicien cristallograph physicien cryogen physicien électr magnet physicien électron physicien magnet physicien mécan physicien ptiqu physicien radioprotect physicien scienc thermiqu physicien médical physicien nucléair physicien nucléair théoricien physicien spécial photon physicien spécial atmospher physicien spécial espac physicien spécial nanotechnolog physicien acousticien physicien atmospher physicien cristallograph physicien électronicien physicien expériment physicien mécanicien physicien opticien physicien théoricien noyau physicien opticien physicien opticien physicien opticien physicien théoricien noyau physicien théoricien physicien théoricien noyau radioastronom rhéologu théoricien particul élémentair théoricien théoricien particul élémentair théoricien particul élémentair